{"uniquenegativewords": [0.032101790375299026, 0.04461118690313779, 0.032446808510638296, 0.04234200276416635, 0.03892087859418051, 0.038931205416515534, 0.039201918038025314, 0.04090345765962846, 0.043160677428308904, 0.040226939888948585, 0.03778829181428651, 0.04386037443352558], "uniquepositivewords": [0.07311850253286972, 0.07107776261937244, 0.06453900709219858, 0.08028646814926499, 0.08184215054424485, 0.06444202635715149, 0.07589090880603332, 0.08041921989134214, 0.07402100955034084, 0.075479955456875, 0.06901008330110679, 0.0699885076169664], "uniqueYears": [1960, 1976, 1980, 1984, 1988, 1992, 1996, 2000, 2004, 2008, 2012, 2016]}